{
    "root_group": {
        "name": "",
        "path": "",
        "id": "d41d8cd98f00b204e9800998ecf8427e",
        "groups": {},
        "checks": {
                "status is 200": {
                    "name": "status is 200",
                    "path": "::status is 200",
                    "id": "6210a8cd14cd70477eba5c5e4cb3fb5f",
                    "passes": 3000,
                    "fails": 0
                },
                "has totalCredits field": {
                    "id": "7517b8710eeed0f75fca5e682849d9e9",
                    "passes": 3000,
                    "fails": 0,
                    "name": "has totalCredits field",
                    "path": "::has totalCredits field"
                }
            }
    },
    "metrics": {
        "data_sent": {
            "count": 3267000,
            "rate": 54447.597693948184
        },
        "http_req_waiting": {
            "avg": 31.35405676466665,
            "min": 21.306724,
            "med": 26.0205525,
            "max": 371.160946,
            "p(90)": 41.6017576,
            "p(95)": 53.10422359999994,
            "p(99)": 109.75343475999969
        },
        "http_req_receiving": {
            "p(99)": 0.23481599999999994,
            "avg": 0.10859890866666665,
            "min": 0.0152,
            "med": 0.104806,
            "max": 1.797203,
            "p(90)": 0.145009,
            "p(95)": 0.16390905
        },
        "data_received": {
            "count": 1926000,
            "rate": 32098.58376447634
        },
        "iteration_duration": {
            "max": 371.511567,
            "p(90)": 41.94944509999999,
            "p(95)": 53.607332,
            "p(99)": 109.98121473999969,
            "avg": 31.771685341999824,
            "min": 21.678245,
            "med": 26.4729855
        },
        "checks": {
            "passes": 6000,
            "fails": 0,
            "thresholds": {
                "rate>0.95": false
            },
            "value": 1
        },
        "http_req_sending": {
            "p(99)": 0.10032300999999957,
            "avg": 0.04531380733333325,
            "min": 0.013201,
            "med": 0.040202,
            "max": 0.570333,
            "p(90)": 0.065203,
            "p(95)": 0.076104
        },
        "http_req_tls_handshaking": {
            "avg": 0,
            "min": 0,
            "med": 0,
            "max": 0,
            "p(90)": 0,
            "p(95)": 0,
            "p(99)": 0
        },
        "http_req_connecting": {
            "p(99)": 0.25119700999999806,
            "avg": 0.004925649666666667,
            "min": 0,
            "med": 0,
            "max": 0.818647,
            "p(90)": 0,
            "p(95)": 0
        },
        "http_req_duration{expected_response:true}": {
            "p(99)": 109.82834374999969,
            "avg": 31.507969480666677,
            "min": 21.463733,
            "med": 26.18837,
            "max": 371.278253,
            "p(90)": 41.757144999999994,
            "p(95)": 53.304811349999966
        },
        "http_req_duration": {
            "avg": 31.507969480666677,
            "min": 21.463733,
            "med": 26.18837,
            "max": 371.278253,
            "p(90)": 41.757144999999994,
            "p(95)": 53.304811349999966,
            "p(99)": 109.82834374999969,
            "thresholds": {
                "p(95)<500": false
            }
        },
        "http_req_failed": {
            "passes": 0,
            "fails": 3000,
            "thresholds": {
                "rate<0.05": false
            },
            "value": 0
        },
        "http_reqs": {
            "count": 3000,
            "rate": 49.997794025664085
        },
        "iterations": {
            "count": 3000,
            "rate": 49.997794025664085
        },
        "vus_max": {
            "value": 50,
            "min": 50,
            "max": 50
        },
        "vus": {
            "value": 1,
            "min": 1,
            "max": 4
        },
        "http_req_blocked": {
            "p(99)": 0.3471020099999981,
            "avg": 0.011805351666666646,
            "min": 0.0024,
            "med": 0.004101,
            "max": 1.577691,
            "p(90)": 0.0063,
            "p(95)": 0.009310049999999945
        }
    }
}